name,profile_link,location,time_registered,last_seen,personal_text,gender,twitter,time_spent_online,no_of_posts,no_of_topics
stringa,https://www.nairaland.com/stringa,Planet Earth.,"March 04, 2017",10:46am,Why?,f,,1 day & 7 hours,55,12
Preccy1012,https://www.nairaland.com/preccy1012,,"May 18, 2022",10:57pm On Jul 27,"Script writer, content creator",f,@Preccy1012,14 hours & 35 minutes,55,9
KingIce101,https://www.nairaland.com/kingice101,,"March 22, 2018",8:27am On May 23,,,,5 days & 23 hours,17,8
youngaliwa,https://www.nairaland.com/youngaliwa,money,"August 09, 2017",8:10am,HONESTY is a very EXPENSIVE GIFT. Do not expect it from CHEAP PEOPLE...,m,,11 days & 22 hours,251,0
Daestro3,https://www.nairaland.com/daestro3,7,"May 17, 2022",12:49am On Jun 18,,,,1 day & 4 hours,64,5
frenchest,https://www.nairaland.com/frenchest,Lagos,"February 28, 2017",10:51am On Jul 21,,f,,2 hours & 2 minutes,23,9
Empressabbie,https://www.nairaland.com/empressabbie,"Isolo, Lagos","August 02, 2017",11:24am On Jul 26,Always be yourself,f,,17 days & 16 hours,542,105
GuestReader88,https://www.nairaland.com/guestreader88,,"November 16, 2021",7:41pm On Jul 23,,,,1 day & 8 hours,60,5
Yampotatocarrot,https://www.nairaland.com/yampotatocarrot,,"March 23, 2015",8:47pm,,m,,5 months & 9 days,3238,8
Yinkusgold,https://www.nairaland.com/yinkusgold,,"June 07, 2021",6:53pm On Jul 16,,,,3 days & 8 hours,299,0
Seniorwriter,https://www.nairaland.com/seniorwriter,ONLINE WORKSPACE,"July 13, 2019",10:52am,MONEY STOPS RUBBISH .....As a SeniorWriter i am open to consultations on all online writing deals kindly contact me via Facebook ID(SARAH ADAKAREN)      Best Seller For FANCY TRACKER DEVICES(Wristbands Wristwatches),m,Seniorwriter@AdarokarenO,3 months & 18 days,5686,6
Madibaestate162,https://www.nairaland.com/madibaestate162,,"November 20, 2021",12:08pm,Lanre Madiba,m,@madibaestate,4 hours & 18 minutes,14,10
Divepen1,https://www.nairaland.com/divepen1,,,,,,,,,0
zubike01,https://www.nairaland.com/zubike01,,,,,,,,,0
rachealfst,https://www.nairaland.com/rachealfst,,,,,,,,,0
TiffanyJ,https://www.nairaland.com/tiffanyj,,,,,,,,,0
SheWrites,https://www.nairaland.com/shewrites,,,,,,,,,0
kingokoh,https://www.nairaland.com/kingokoh,,,,,,,,,0
salubrious877,https://www.nairaland.com/salubrious877,,,,,,,,,0
Sandra23,https://www.nairaland.com/sandra23,,,,,,,,,0
Akposb,https://www.nairaland.com/akposb,,,,,,,,,0
kayo80,https://www.nairaland.com/kayo80,,,,,,,,,0
faari,https://www.nairaland.com/faari,,,,,,,,,0
connect14,https://www.nairaland.com/connect14,,,,,,,,,0
HotsButs,https://www.nairaland.com/hotsbuts,,,,,,,,,0
sablewriter,https://www.nairaland.com/sablewriter,,,,,,,,,0
shakespere,https://www.nairaland.com/shakespere,,,,,,,,,0
sosa993,https://www.nairaland.com/sosa993,,,,,,,,,0
Roc10,https://www.nairaland.com/roc10,,,,,,,,,0
noble4d,https://www.nairaland.com/noble4d,,,,,,,,,0
Jesse1991,https://www.nairaland.com/jesse1991,,,,,,,,,0
TONYE001,https://www.nairaland.com/tonye001,,,,,,,,,0
Abelosas222,https://www.nairaland.com/abelosas222,,,,,,,,,0
BiadeFolar,https://www.nairaland.com/biadefolar,,,,,,,,,0
Hiswordxray,https://www.nairaland.com/hiswordxray,,,,,,,,,0
dlawnoni,https://www.nairaland.com/dlawnoni,,,,,,,,,0
yewande1234,https://www.nairaland.com/yewande1234,,,,,,,,,0
firebaby,https://www.nairaland.com/firebaby,,,,,,,,,0
Irusota,https://www.nairaland.com/irusota,,,,,,,,,0
Iniamagha,https://www.nairaland.com/iniamagha,,,,,,,,,0
Jesspire,https://www.nairaland.com/jesspire,,,,,,,,,0
Alexbrain,https://www.nairaland.com/alexbrain,,,,,,,,,0
Geralddifu,https://www.nairaland.com/geralddifu,,,,,,,,,0
honourable356,https://www.nairaland.com/honourable356,,,,,,,,,0
duch12,https://www.nairaland.com/duch12,,,,,,,,,0
Helenbims,https://www.nairaland.com/helenbims,,,,,,,,,0
Lauraqueen07,https://www.nairaland.com/lauraqueen07,,,,,,,,,0
Badirukehinde,https://www.nairaland.com/badirukehinde,,,,,,,,,0
maxipharo,https://www.nairaland.com/maxipharo,,,,,,,,,0
LarrySun,https://www.nairaland.com/larrysun,,,,,,,,,0
Leoney,https://www.nairaland.com/leoney,,,,,,,,,0
Sam32,https://www.nairaland.com/sam32,,,,,,,,,0
Adebanjids1,https://www.nairaland.com/adebanjids1,,,,,,,,,0
ghostwritter,https://www.nairaland.com/ghostwritter,,,,,,,,,0
obamartins,https://www.nairaland.com/obamartins,,,,,,,,,0
Seylad2009,https://www.nairaland.com/seylad2009,,,,,,,,,0
Princiology,https://www.nairaland.com/princiology,,,,,,,,,0
dgen2soul,https://www.nairaland.com/dgen2soul,,,,,,,,,0
TalkTalkTwins,https://www.nairaland.com/talktalktwins,,,,,,,,,0
fairchild09,https://www.nairaland.com/fairchild09,,,,,,,,,0
JamesKudooski,https://www.nairaland.com/jameskudooski,,,,,,,,,0
Sparkle777,https://www.nairaland.com/sparkle777,,,,,,,,,0
gaby,https://www.nairaland.com/gaby,,,,,,,,,0
ohleave,https://www.nairaland.com/ohleave,,,,,,,,,0
regonline,https://www.nairaland.com/regonline,,,,,,,,,0
slateman,https://www.nairaland.com/slateman,,,,,,,,,0
Orecle,https://www.nairaland.com/orecle,,,,,,,,,0
Danielle2389,https://www.nairaland.com/danielle2389,,,,,,,,,0
nobodysmanrob,https://www.nairaland.com/nobodysmanrob,,,,,,,,,0
cortix,https://www.nairaland.com/cortix,,,,,,,,,0
oluwalorseyi,https://www.nairaland.com/oluwalorseyi,,,,,,,,,0
savoy6,https://www.nairaland.com/savoy6,,,,,,,,,0
miaryan,https://www.nairaland.com/miaryan,,,,,,,,,0
Tobechukwu2000,https://www.nairaland.com/tobechukwu2000,,,,,,,,,0
Baddiezz,https://www.nairaland.com/baddiezz,,,,,,,,,0
inspiredbytife,https://www.nairaland.com/inspiredbytife,,,,,,,,,0
Fantasyisland,https://www.nairaland.com/fantasyisland,,,,,,,,,0
Charlesdock,https://www.nairaland.com/charlesdock,,,,,,,,,0
tosinpaulloo,https://www.nairaland.com/tosinpaulloo,,,,,,,,,0
Onoja3,https://www.nairaland.com/onoja3,,,,,,,,,0
smithsammy,https://www.nairaland.com/smithsammy,,,,,,,,,0
rapmike,https://www.nairaland.com/rapmike,,,,,,,,,0
BennyWrites,https://www.nairaland.com/bennywrites,,,,,,,,,0
forzarush,https://www.nairaland.com/forzarush,,,,,,,,,0
princesa,https://www.nairaland.com/princesa,,,,,,,,,0
Talius,https://www.nairaland.com/talius,,,,,,,,,0
Kindoo,https://www.nairaland.com/kindoo,,,,,,,,,0
StankovicEgeni,https://www.nairaland.com/stankovicegeni,,,,,,,,,0
pabon,https://www.nairaland.com/pabon,,,,,,,,,0
powerlays,https://www.nairaland.com/powerlays,,,,,,,,,0
ToyinOlorunsola,https://www.nairaland.com/toyinolorunsola,,,,,,,,,0
toys2seven,https://www.nairaland.com/toys2seven,,,,,,,,,0
inkstarpage,https://www.nairaland.com/inkstarpage,,,,,,,,,0
Seemeee,https://www.nairaland.com/seemeee,,,,,,,,,0
TushElla,https://www.nairaland.com/tushella,,,,,,,,,0
Femiblack05,https://www.nairaland.com/femiblack05,,,,,,,,,0
Harmonypublish,https://www.nairaland.com/harmonypublish,,,,,,,,,0
segunolanibi,https://www.nairaland.com/segunolanibi,,,,,,,,,0
Eze2000,https://www.nairaland.com/eze2000,,,,,,,,,0
IamPlato,https://www.nairaland.com/iamplato,,,,,,,,,0
tyty321,https://www.nairaland.com/tyty321,,,,,,,,,0
breme,https://www.nairaland.com/breme,,,,,,,,,0
LightPossible,https://www.nairaland.com/lightpossible,,,,,,,,,0
styless,https://www.nairaland.com/styless,,,,,,,,,0
predon004,https://www.nairaland.com/predon004,,,,,,,,,0
coolape,https://www.nairaland.com/coolape,,,,,,,,,0
muhammadzauro,https://www.nairaland.com/muhammadzauro,,,,,,,,,0
Major001,https://www.nairaland.com/major001,,,,,,,,,0
BIGGIE121,https://www.nairaland.com/biggie121,,,,,,,,,0
PierreAbutu,https://www.nairaland.com/pierreabutu,,,,,,,,,0
Lleigh,https://www.nairaland.com/lleigh,,,,,,,,,0
azeezat22,https://www.nairaland.com/azeezat22,,,,,,,,,0
Sophia333,https://www.nairaland.com/sophia333,,,,,,,,,0
guyla,https://www.nairaland.com/guyla,,,,,,,,,0
TamiOkoroDedeh,https://www.nairaland.com/tamiokorodedeh,,,,,,,,,0
Optional12345,https://www.nairaland.com/optional12345,,,,,,,,,0
Simiwords,https://www.nairaland.com/simiwords,,,,,,,,,0
Taniaa,https://www.nairaland.com/taniaa,,,,,,,,,0
JoeKing001,https://www.nairaland.com/joeking001,,,,,,,,,0
pearlspeaks,https://www.nairaland.com/pearlspeaks,,,,,,,,,0
ahshop,https://www.nairaland.com/ahshop,,,,,,,,,0
useli247,https://www.nairaland.com/useli247,,,,,,,,,0
Debbietiyan,https://www.nairaland.com/debbietiyan,,,,,,,,,0
dominique,https://www.nairaland.com/dominique,,,,,,,,,0
1sundaya,https://www.nairaland.com/1sundaya,,,,,,,,,0
giaancona11,https://www.nairaland.com/giaancona11,,,,,,,,,0
